room,week,mode,diagnostic_hours,therapeutic_hours,setup_flag,size,diagnostic_capacity,therapeutic_capacity,setup_cost,allocation_cost,assigned_hours,opened_capacity,utilisation,weekly_capacity_cost,weekly_setup_cost
1,1,Therapeutic,0,30,1,Small,60,30,15000,180,30,30,1,5400,15000
2,1,Diagnostic,50,0,1,Small,60,30,15000,180,50,60,0.8333333333333334,10800,15000
3,1,Diagnostic,60,0,1,Small,60,30,15000,180,60,60,1,10800,15000
4,1,Therapeutic,-0,59.99999999999992,1,Medium,120,60,20000,200,59.99999999999992,60,0.9999999999999987,12000,20000
5,1,Therapeutic,0,55.00000000000003,1,Medium,120,60,20000,200,55.00000000000003,60,0.9166666666666672,12000,20000
6,1,Diagnostic,120,0,1,Medium,120,60,20000,200,120,120,1,24000,20000
7,1,Unavailable,-0,4.973799150320701e-14,0,Medium,120,60,20000,200,4.973799150320701e-14,0,0,0,0
8,1,Unavailable,0,0,0,Large,180,120,25000,220,0,0,0,0,0
9,1,Unavailable,0,0,0,Large,180,120,25000,220,0,0,0,0,0
10,1,Unavailable,0,0,0,Large,180,120,25000,220,0,0,0,0,0
1,2,Diagnostic,54.999999999999744,0,0,Small,60,30,15000,180,54.999999999999744,60,0.9166666666666624,10800,0
2,2,Therapeutic,-0,30,0,Small,60,30,15000,180,30,30,1,5400,0
3,2,Diagnostic,60,0,0,Small,60,30,15000,180,60,60,1,10800,0
4,2,Therapeutic,0,55.00000000000009,0,Medium,120,60,20000,200,55.00000000000009,60,0.9166666666666682,12000,0
5,2,Diagnostic,120.0000000000031,-3.097966327914037e-12,0,Medium,120,60,20000,200,120,120,1,24000,0
6,2,Therapeutic,-2.802855170180862e-12,60.000000000002636,0,Medium,120,60,20000,200,59.99999999999984,60,0.9999999999999972,12000,0
7,2,Unavailable,-0,1.1335377081422847e-13,0,Medium,120,60,20000,200,1.1335377081422847e-13,0,0,0,0
8,2,Unavailable,0,0,0,Large,180,120,25000,220,0,0,0,0,0
9,2,Unavailable,0,0,0,Large,180,120,25000,220,0,0,0,0,0
10,2,Unavailable,0,0,0,Large,180,120,25000,220,0,0,0,0,0
1,3,Diagnostic,60,0,0,Small,60,30,15000,180,60,60,1,10800,0
2,3,Diagnostic,60,0,0,Small,60,30,15000,180,60,60,1,10800,0
3,3,Therapeutic,-0,30,0,Small,60,30,15000,180,30,30,1,5400,0
4,3,Therapeutic,0,59.99999999999936,0,Medium,120,60,20000,200,59.99999999999936,60,0.9999999999999893,12000,0
5,3,Diagnostic,105,-0,0,Medium,120,60,20000,200,105,120,0.875,24000,0
6,3,Therapeutic,-0,60,0,Medium,120,60,20000,200,60,60,1,12000,0
7,3,Unavailable,-0,6.394884621840902e-13,0,Medium,120,60,20000,200,6.394884621840902e-13,0,0,0,0
8,3,Unavailable,0,0,0,Large,180,120,25000,220,0,0,0,0,0
9,3,Unavailable,0,0,0,Large,180,120,25000,220,0,0,0,0,0
10,3,Unavailable,0,0,0,Large,180,120,25000,220,0,0,0,0,0
1,4,Therapeutic,3.197442310920451e-13,29.99999999999968,0,Small,60,30,15000,180,30,30,1,5400,0
2,4,Diagnostic,50.0000000000001,0,0,Small,60,30,15000,180,50.0000000000001,60,0.833333333333335,10800,0
3,4,Diagnostic,60,0,0,Small,60,30,15000,180,60,60,1,10800,0
4,4,Therapeutic,0,60,0,Medium,120,60,20000,200,60,60,1,12000,0
5,4,Therapeutic,-0,60,0,Medium,120,60,20000,200,60,60,1,12000,0
6,4,Diagnostic,119.99999999999936,0,0,Medium,120,60,20000,200,119.99999999999936,120,0.9999999999999947,24000,0
7,4,Unavailable,2.2026824808563106e-13,3.197442310920451e-13,0,Medium,120,60,20000,200,5.400124791776761e-13,0,0,0,0
8,4,Unavailable,0,0,0,Large,180,120,25000,220,0,0,0,0,0
9,4,Unavailable,0,0,0,Large,180,120,25000,220,0,0,0,0,0
10,4,Unavailable,0,0,0,Large,180,120,25000,220,0,0,0,0,0
1,5,Diagnostic,60,0,0,Small,60,30,15000,180,60,60,1,10800,0
2,5,Diagnostic,60,0,0,Small,60,30,15000,180,60,60,1,10800,0
3,5,Diagnostic,60,0,0,Small,60,30,15000,180,60,60,1,10800,0
4,5,Therapeutic,-0,60,0,Medium,120,60,20000,200,60,60,1,12000,0
5,5,Therapeutic,0,35,0,Medium,120,60,20000,200,35,60,0.5833333333333334,12000,0
6,5,Therapeutic,60,-0,0,Medium,120,60,20000,200,60,60,1,12000,0
7,5,Therapeutic,-0,60,1,Medium,120,60,20000,200,60,60,1,12000,20000
8,5,Unavailable,0,0,0,Large,180,120,25000,220,0,0,0,0,0
9,5,Unavailable,0,0,0,Large,180,120,25000,220,0,0,0,0,0
10,5,Unavailable,0,0,0,Large,180,120,25000,220,0,0,0,0,0
1,6,Diagnostic,60,0,0,Small,60,30,15000,180,60,60,1,10800,0
2,6,Diagnostic,60,0,0,Small,60,30,15000,180,60,60,1,10800,0
3,6,Diagnostic,60,0,0,Small,60,30,15000,180,60,60,1,10800,0
4,6,Therapeutic,5,55,0,Medium,120,60,20000,200,60,60,1,12000,0
5,6,Therapeutic,0,45,0,Medium,120,60,20000,200,45,60,0.75,12000,0
6,6,Therapeutic,60,-0,0,Medium,120,60,20000,200,60,60,1,12000,0
7,6,Therapeutic,0,60,0,Medium,120,60,20000,200,60,60,1,12000,0
8,6,Unavailable,0,0,0,Large,180,120,25000,220,0,0,0,0,0
9,6,Unavailable,0,0,0,Large,180,120,25000,220,0,0,0,0,0
10,6,Unavailable,0,0,0,Large,180,120,25000,220,0,0,0,0,0
1,7,Diagnostic,60,0,0,Small,60,30,15000,180,60,60,1,10800,0
2,7,Diagnostic,58,0,0,Small,60,30,15000,180,58,60,0.9666666666666667,10800,0
3,7,Therapeutic,0,30,0,Small,60,30,15000,180,30,30,1,5400,0
4,7,Therapeutic,-0,60,0,Medium,120,60,20000,200,60,60,1,12000,0
5,7,Therapeutic,-0,60,0,Medium,120,60,20000,200,60,60,1,12000,0
6,7,Diagnostic,120,0,0,Medium,120,60,20000,200,120,120,1,24000,0
7,7,Therapeutic,42,18,0,Medium,120,60,20000,200,60,60,1,12000,0
8,7,Unavailable,0,0,0,Large,180,120,25000,220,0,0,0,0,0
9,7,Unavailable,0,0,0,Large,180,120,25000,220,0,0,0,0,0
10,7,Unavailable,0,-0,0,Large,180,120,25000,220,0,0,0,0,0
1,8,Diagnostic,51,0,0,Small,60,30,15000,180,51,60,0.85,10800,0
2,8,Diagnostic,60,0,0,Small,60,30,15000,180,60,60,1,10800,0
3,8,Diagnostic,60,0,0,Small,60,30,15000,180,60,60,1,10800,0
4,8,Therapeutic,-0,60,0,Medium,120,60,20000,200,60,60,1,12000,0
5,8,Therapeutic,4,56,0,Medium,120,60,20000,200,60,60,1,12000,0
6,8,Diagnostic,120,-0,0,Medium,120,60,20000,200,120,120,1,24000,0
7,8,Therapeutic,-0,60,0,Medium,120,60,20000,200,60,60,1,12000,0
8,8,Unavailable,0,0,0,Large,180,120,25000,220,0,0,0,0,0
9,8,Unavailable,0,0,0,Large,180,120,25000,220,0,0,0,0,0
10,8,Unavailable,0,-0,0,Large,180,120,25000,220,0,0,0,0,0
1,9,Diagnostic,60,0,0,Small,60,30,15000,180,60,60,1,10800,0
2,9,Therapeutic,0,2,0,Small,60,30,15000,180,2,30,0.06666666666666667,5400,0
3,9,Diagnostic,60,0,0,Small,60,30,15000,180,60,60,1,10800,0
4,9,Therapeutic,0,60,0,Medium,120,60,20000,200,60,60,1,12000,0
5,9,Therapeutic,0,60,0,Medium,120,60,20000,200,60,60,1,12000,0
6,9,Therapeutic,-0,60,0,Medium,120,60,20000,200,60,60,1,12000,0
7,9,Therapeutic,60,-0,0,Medium,120,60,20000,200,60,60,1,12000,0
8,9,Unavailable,0,0,0,Large,180,120,25000,220,0,0,0,0,0
9,9,Unavailable,0,0,0,Large,180,120,25000,220,0,0,0,0,0
10,9,Therapeutic,120,-0,1,Large,180,120,25000,220,120,120,1,26400,25000
1,10,Diagnostic,60,0,0,Small,60,30,15000,180,60,60,1,10800,0
2,10,Therapeutic,23,0,0,Small,60,30,15000,180,23,30,0.7666666666666667,5400,0
3,10,Therapeutic,30,0,0,Small,60,30,15000,180,30,30,1,5400,0
4,10,Therapeutic,-0,60,0,Medium,120,60,20000,200,60,60,1,12000,0
5,10,Therapeutic,60,0,0,Medium,120,60,20000,200,60,60,1,12000,0
6,10,Therapeutic,-0,60,0,Medium,120,60,20000,200,60,60,1,12000,0
7,10,Therapeutic,60,0,0,Medium,120,60,20000,200,60,60,1,12000,0
8,10,Unavailable,0,0,0,Large,180,120,25000,220,0,0,0,0,0
9,10,Unavailable,0,0,0,Large,180,120,25000,220,0,0,0,0,0
10,10,Therapeutic,52,68,0,Large,180,120,25000,220,120,120,1,26400,0
1,11,Therapeutic,-0,30,0,Small,60,30,15000,180,30,30,1,5400,0
2,11,Diagnostic,60,0,0,Small,60,30,15000,180,60,60,1,10800,0
3,11,Diagnostic,60,0,0,Small,60,30,15000,180,60,60,1,10800,0
4,11,Therapeutic,20,40,0,Medium,120,60,20000,200,60,60,1,12000,0
5,11,Diagnostic,100,-0,0,Medium,120,60,20000,200,100,120,0.8333333333333334,24000,0
6,11,Therapeutic,-0,60,0,Medium,120,60,20000,200,60,60,1,12000,0
7,11,Therapeutic,-0,60,0,Medium,120,60,20000,200,60,60,1,12000,0
8,11,Unavailable,0,0,0,Large,180,120,25000,220,0,0,0,0,0
9,11,Unavailable,0,0,0,Large,180,120,25000,220,0,0,0,0,0
10,11,Unavailable,0,-0,0,Large,180,120,25000,220,0,0,0,0,0
1,12,Therapeutic,-0,30,0,Small,60,30,15000,180,30,30,1,5400,0
2,12,Diagnostic,60.00000000000001,-0,0,Small,60,30,15000,180,60.00000000000001,60,1.0000000000000002,10800,0
3,12,Diagnostic,60,0,0,Small,60,30,15000,180,60,60,1,10800,0
4,12,Therapeutic,18,42,0,Medium,120,60,20000,200,60,60,1,12000,0
5,12,Diagnostic,97,-0,0,Medium,120,60,20000,200,97,120,0.8083333333333333,24000,0
6,12,Therapeutic,0,60,0,Medium,120,60,20000,200,60,60,1,12000,0
7,12,Therapeutic,-0,60,0,Medium,120,60,20000,200,60,60,1,12000,0
8,12,Unavailable,0,0,0,Large,180,120,25000,220,0,0,0,0,0
9,12,Unavailable,0,0,0,Large,180,120,25000,220,0,0,0,0,0
10,12,Unavailable,0,0,0,Large,180,120,25000,220,0,0,0,0,0
1,13,Diagnostic,58,0,0,Small,60,30,15000,180,58,60,0.9666666666666667,10800,0
2,13,Diagnostic,60,0,0,Small,60,30,15000,180,60,60,1,10800,0
3,13,Diagnostic,60,0,0,Small,60,30,15000,180,60,60,1,10800,0
4,13,Therapeutic,0,60,0,Medium,120,60,20000,200,60,60,1,12000,0
5,13,Therapeutic,0,60,0,Medium,120,60,20000,200,60,60,1,12000,0
6,13,Therapeutic,0,60,0,Medium,120,60,20000,200,60,60,1,12000,0
7,13,Therapeutic,52,8,0,Medium,120,60,20000,200,60,60,1,12000,0
8,13,Unavailable,0,0,0,Large,180,120,25000,220,0,0,0,0,0
9,13,Unavailable,0,0,0,Large,180,120,25000,220,0,0,0,0,0
10,13,Unavailable,0,0,0,Large,180,120,25000,220,0,0,0,0,0
1,14,Diagnostic,60,0,0,Small,60,30,15000,180,60,60,1,10800,0
2,14,Diagnostic,60,0,0,Small,60,30,15000,180,60,60,1,10800,0
3,14,Diagnostic,60,0,0,Small,60,30,15000,180,60,60,1,10800,0
4,14,Therapeutic,0,60,0,Medium,120,60,20000,200,60,60,1,12000,0
5,14,Therapeutic,0,60,0,Medium,120,60,20000,200,60,60,1,12000,0
6,14,Therapeutic,0,60,0,Medium,120,60,20000,200,60,60,1,12000,0
7,14,Therapeutic,45,15,0,Medium,120,60,20000,200,60,60,1,12000,0
8,14,Unavailable,0,0,0,Large,180,120,25000,220,0,0,0,0,0
9,14,Unavailable,0,0,0,Large,180,120,25000,220,0,0,0,0,0
10,14,Unavailable,0,0,0,Large,180,120,25000,220,0,0,0,0,0
1,15,Diagnostic,57,0,0,Small,60,30,15000,180,57,60,0.95,10800,0
2,15,Diagnostic,60,0,0,Small,60,30,15000,180,60,60,1,10800,0
3,15,Diagnostic,60,0,0,Small,60,30,15000,180,60,60,1,10800,0
4,15,Therapeutic,0,60,0,Medium,120,60,20000,200,60,60,1,12000,0
5,15,Therapeutic,0,60,0,Medium,120,60,20000,200,60,60,1,12000,0
6,15,Therapeutic,0,60,0,Medium,120,60,20000,200,60,60,1,12000,0
7,15,Therapeutic,53,7,0,Medium,120,60,20000,200,60,60,1,12000,0
8,15,Unavailable,0,0,0,Large,180,120,25000,220,0,0,0,0,0
9,15,Unavailable,0,0,0,Large,180,120,25000,220,0,0,0,0,0
10,15,Unavailable,0,0,0,Large,180,120,25000,220,0,0,0,0,0
1,16,Diagnostic,60,0,0,Small,60,30,15000,180,60,60,1,10800,0
2,16,Diagnostic,60,0,0,Small,60,30,15000,180,60,60,1,10800,0
3,16,Diagnostic,60,0,0,Small,60,30,15000,180,60,60,1,10800,0
4,16,Therapeutic,0,60,0,Medium,120,60,20000,200,60,60,1,12000,0
5,16,Therapeutic,0,60,0,Medium,120,60,20000,200,60,60,1,12000,0
6,16,Therapeutic,55,2,0,Medium,120,60,20000,200,57,60,0.95,12000,0
7,16,Therapeutic,0,60,0,Medium,120,60,20000,200,60,60,1,12000,0
8,16,Unavailable,0,0,0,Large,180,120,25000,220,0,0,0,0,0
9,16,Unavailable,0,0,0,Large,180,120,25000,220,0,0,0,0,0
10,16,Unavailable,0,0,0,Large,180,120,25000,220,0,0,0,0,0
1,17,Diagnostic,60,0,0,Small,60,30,15000,180,60,60,1,10800,0
2,17,Diagnostic,60,0,0,Small,60,30,15000,180,60,60,1,10800,0
3,17,Diagnostic,60,0,0,Small,60,30,15000,180,60,60,1,10800,0
4,17,Therapeutic,60,0,0,Medium,120,60,20000,200,60,60,1,12000,0
5,17,Therapeutic,-0,60,0,Medium,120,60,20000,200,60,60,1,12000,0
6,17,Therapeutic,-0,60,0,Medium,120,60,20000,200,60,60,1,12000,0
7,17,Therapeutic,0,58,0,Medium,120,60,20000,200,58,60,0.9666666666666667,12000,0
8,17,Unavailable,0,0,0,Large,180,120,25000,220,0,0,0,0,0
9,17,Unavailable,0,0,0,Large,180,120,25000,220,0,0,0,0,0
10,17,Unavailable,0,0,0,Large,180,120,25000,220,0,0,0,0,0
1,18,Diagnostic,60,0,0,Small,60,30,15000,180,60,60,1,10800,0
2,18,Diagnostic,60,0,0,Small,60,30,15000,180,60,60,1,10800,0
3,18,Diagnostic,60,0,0,Small,60,30,15000,180,60,60,1,10800,0
4,18,Therapeutic,8,52,0,Medium,120,60,20000,200,60,60,1,12000,0
5,18,Therapeutic,-0,60,0,Medium,120,60,20000,200,60,60,1,12000,0
6,18,Therapeutic,57,0,0,Medium,120,60,20000,200,57,60,0.95,12000,0
7,18,Therapeutic,-0,60,0,Medium,120,60,20000,200,60,60,1,12000,0
8,18,Unavailable,0,0,0,Large,180,120,25000,220,0,0,0,0,0
9,18,Unavailable,0,0,0,Large,180,120,25000,220,0,0,0,0,0
10,18,Unavailable,0,0,0,Large,180,120,25000,220,0,0,0,0,0
1,19,Diagnostic,58,0,0,Small,60,30,15000,180,58,60,0.9666666666666667,10800,0
2,19,Diagnostic,60,0,0,Small,60,30,15000,180,60,60,1,10800,0
3,19,Diagnostic,60,0,0,Small,60,30,15000,180,60,60,1,10800,0
4,19,Therapeutic,60,0,0,Medium,120,60,20000,200,60,60,1,12000,0
5,19,Therapeutic,12,48,0,Medium,120,60,20000,200,60,60,1,12000,0
6,19,Therapeutic,-0,60,0,Medium,120,60,20000,200,60,60,1,12000,0
7,19,Therapeutic,-0,60,0,Medium,120,60,20000,200,60,60,1,12000,0
8,19,Unavailable,0,0,0,Large,180,120,25000,220,0,0,0,0,0
9,19,Unavailable,0,0,0,Large,180,120,25000,220,0,0,0,0,0
10,19,Unavailable,0,0,0,Large,180,120,25000,220,0,0,0,0,0
1,20,Diagnostic,60,-0,0,Small,60,30,15000,180,60,60,1,10800,0
2,20,Diagnostic,50,0,0,Small,60,30,15000,180,50,60,0.8333333333333334,10800,0
3,20,Diagnostic,60,-0,0,Small,60,30,15000,180,60,60,1,10800,0
4,20,Therapeutic,15,45,0,Medium,120,60,20000,200,60,60,1,12000,0
5,20,Therapeutic,60,-0,0,Medium,120,60,20000,200,60,60,1,12000,0
6,20,Therapeutic,-0,60,0,Medium,120,60,20000,200,60,60,1,12000,0
7,20,Therapeutic,0,60,0,Medium,120,60,20000,200,60,60,1,12000,0
8,20,Unavailable,0,0,0,Large,180,120,25000,220,0,0,0,0,0
9,20,Unavailable,0,0,0,Large,180,120,25000,220,0,0,0,0,0
10,20,Unavailable,0,0,0,Large,180,120,25000,220,0,0,0,0,0
1,21,Diagnostic,60,0,0,Small,60,30,15000,180,60,60,1,10800,0
2,21,Diagnostic,60,0,0,Small,60,30,15000,180,60,60,1,10800,0
3,21,Diagnostic,60,0,0,Small,60,30,15000,180,60,60,1,10800,0
4,21,Therapeutic,60,-0,0,Medium,120,60,20000,200,60,60,1,12000,0
5,21,Therapeutic,0,42,0,Medium,120,60,20000,200,42,60,0.7,12000,0
6,21,Therapeutic,0,60,0,Medium,120,60,20000,200,60,60,1,12000,0
7,21,Therapeutic,0,60,0,Medium,120,60,20000,200,60,60,1,12000,0
8,21,Unavailable,0,0,0,Large,180,120,25000,220,0,0,0,0,0
9,21,Unavailable,0,0,0,Large,180,120,25000,220,0,0,0,0,0
10,21,Unavailable,0,0,0,Large,180,120,25000,220,0,0,0,0,0
1,22,Diagnostic,55,0,0,Small,60,30,15000,180,55,60,0.9166666666666666,10800,0
2,22,Diagnostic,60,0,0,Small,60,30,15000,180,60,60,1,10800,0
3,22,Diagnostic,60,0,0,Small,60,30,15000,180,60,60,1,10800,0
4,22,Therapeutic,0,60,0,Medium,120,60,20000,200,60,60,1,12000,0
5,22,Therapeutic,0,60,0,Medium,120,60,20000,200,60,60,1,12000,0
6,22,Therapeutic,60,0,0,Medium,120,60,20000,200,60,60,1,12000,0
7,22,Therapeutic,0,38,0,Medium,120,60,20000,200,38,60,0.6333333333333333,12000,0
8,22,Unavailable,0,0,0,Large,180,120,25000,220,0,0,0,0,0
9,22,Unavailable,0,0,0,Large,180,120,25000,220,0,0,0,0,0
10,22,Unavailable,-0,-0,0,Large,180,120,25000,220,-0,0,0,0,0
1,23,Diagnostic,55.00000000035742,0,0,Small,60,30,15000,180,55.00000000035742,60,0.9166666666726236,10800,0
2,23,Therapeutic,29.999999999998387,0,0,Small,60,30,15000,180,29.999999999998387,30,0.9999999999999463,5400,0
3,23,Diagnostic,60,0,0,Small,60,30,15000,180,60,60,1,10800,0
4,23,Therapeutic,1.4987833196755673e-10,59.99999999985012,0,Medium,120,60,20000,200,60,60,1,12000,0
5,23,Therapeutic,60.00000000000194,0,0,Medium,120,60,20000,200,60.00000000000194,60,1.0000000000000324,12000,0
6,23,Therapeutic,0,59.99999999964044,0,Medium,120,60,20000,200,59.99999999964044,60,0.9999999999940072,12000,0
7,23,Therapeutic,24.999999999492378,35.000000000507626,0,Medium,120,60,20000,200,60,60,1,12000,0
8,23,Unavailable,0,0,0,Large,180,120,25000,220,0,0,0,0,0
9,23,Unavailable,0,0,0,Large,180,120,25000,220,0,0,0,0,0
10,23,Unavailable,0,-0,0,Large,180,120,25000,220,0,0,0,0,0
1,24,Diagnostic,52.00000000000523,0,0,Small,60,30,15000,180,52.00000000000523,60,0.8666666666667538,10800,0
2,24,Diagnostic,60,0,0,Small,60,30,15000,180,60,60,1,10800,0
3,24,Therapeutic,30,0,0,Small,60,30,15000,180,30,30,1,5400,0
4,24,Therapeutic,0,60,0,Medium,120,60,20000,200,60,60,1,12000,0
5,24,Therapeutic,60.000000000162586,1.950581918208627e-10,0,Medium,120,60,20000,200,60.000000000357645,60,1.0000000000059608,12000,0
6,24,Therapeutic,-0,59.99999999964044,0,Medium,120,60,20000,200,59.99999999964044,60,0.9999999999940072,12000,0
7,24,Therapeutic,27.9999999998322,32.0000000001678,0,Medium,120,60,20000,200,60,60,1,12000,0
8,24,Unavailable,0,0,0,Large,180,120,25000,220,0,0,0,0,0
9,24,Unavailable,0,0,0,Large,180,120,25000,220,0,0,0,0,0
10,24,Unavailable,0,-3.288559150947858e-12,0,Large,180,120,25000,220,-3.288559150947858e-12,0,0,0,0
1,25,Therapeutic,0,30,0,Small,60,30,15000,180,30,30,1,5400,0
2,25,Diagnostic,60,0,0,Small,60,30,15000,180,60,60,1,10800,0
3,25,Diagnostic,60,0,0,Small,60,30,15000,180,60,60,1,10800,0
4,25,Diagnostic,115.00000000000172,0,0,Medium,120,60,20000,200,115.00000000000172,120,0.9583333333333477,24000,0
5,25,Therapeutic,0,59.99999999999966,0,Medium,120,60,20000,200,59.99999999999966,60,0.9999999999999943,12000,0
6,25,Therapeutic,-0,60,0,Medium,120,60,20000,200,60,60,1,12000,0
7,25,Unavailable,-1.6768808563938364e-12,3.419486915845482e-13,0,Medium,120,60,20000,200,-1.3349321648092882e-12,0,0,0,0
8,25,Unavailable,0,0,0,Large,180,120,25000,220,0,0,0,0,0
9,25,Unavailable,0,0,0,Large,180,120,25000,220,0,0,0,0,0
10,25,Unavailable,-0,-0,0,Large,180,120,25000,220,-0,0,0,0,0
1,26,Therapeutic,0,28.000000000001574,0,Small,60,30,15000,180,28.000000000001574,30,0.9333333333333858,5400,0
2,26,Diagnostic,49.99999999999993,0,0,Small,60,30,15000,180,49.99999999999993,60,0.8333333333333321,10800,0
3,26,Diagnostic,60,0,0,Small,60,30,15000,180,60,60,1,10800,0
4,26,Therapeutic,1.2464401050276427e-12,59.999999999999346,0,Medium,120,60,20000,200,60.00000000000059,60,1.0000000000000098,12000,0
5,26,Therapeutic,0,60.000000000000824,0,Medium,120,60,20000,200,60.000000000000824,60,1.0000000000000138,12000,0
6,26,Diagnostic,120.00000000000001,0,0,Medium,120,60,20000,200,120.00000000000001,120,1.0000000000000002,24000,0
7,26,Unavailable,0,0,0,Medium,120,60,20000,200,0,0,0,0,0
8,26,Unavailable,0,0,0,Large,180,120,25000,220,0,0,0,0,0
9,26,Unavailable,0,0,0,Large,180,120,25000,220,0,0,0,0,0
10,26,Unavailable,0,0,0,Large,180,120,25000,220,0,0,0,0,0
