week,assigned_diagnostic,assigned_therapeutic,assigned_total,opened_room_capacity,setup_events,diagnostic,therapeutic,staff_available,unused_staff_capacity,unused_room_capacity,room_utilisation
1,230,145,375,390,6,230,145,520,145,15,0.9615384615384616
2,235.00000000000003,144.99999999999974,379.9999999999998,390,0,235,145,515,135.00000000000023,10.000000000000227,0.9743589743589738
3,225,150,375,390,0,225,150,525,150,15,0.9615384615384616
4,230,150,380,390,0,230,150,520,140,10,0.9743589743589743
5,240,155,395,420,1,240,155,530,135,25,0.9404761904761905
6,245,160,405,420,0,245,160,525,120,15,0.9642857142857143
7,280,168,448,450,0,280,168,490,42,2,0.9955555555555555
8,295,176,471,480,0,295,176,480,9,9,0.98125
9,300,182,482,510,1,300,182,485,3,28,0.9450980392156862
10,285,188,473,480,0,285,188,500,27,7,0.9854166666666667
11,240,190,430,450,0,240,190,510,80,20,0.9555555555555556
12,235,192,427,450,0,235,192,515,88,23,0.9488888888888889
13,230,188,418,420,0,230,188,520,102,2,0.9952380952380953
14,225,195,420,420,0,225,195,525,105,0,1
15,230,187,417,420,0,230,187,530,113,3,0.9928571428571429
16,235,182,417,420,0,235,182,525,108,3,0.9928571428571429
17,240,178,418,420,0,240,178,520,102,2,0.9952380952380953
18,245,172,417,420,0,245,172,480,63,3,0.9928571428571429
19,250,168,418,420,0,250,168,470,52,2,0.9952380952380953
20,245,165,410,420,0,245,165,475,65,10,0.9761904761904762
21,240,162,402,420,0,240,162,500,98,18,0.9571428571428572
22,235,158,393,420,0,235,158,510,117,27,0.9357142857142857
23,230,154.99999999999818,384.9999999999982,390,0,230,155,515,130.00000000000182,5.000000000001819,0.9871794871794826
24,230,152,382,390,0,230,152,520,138,8,0.9794871794871794
25,235.00000000000003,150,385.00000000000006,390,0,235,150,525,139.99999999999994,4.999999999999943,0.9871794871794873
26,230.0000000000012,148.00000000000176,378.00000000000296,390,0,230,148,530,151.99999999999704,11.999999999997044,0.9692307692307768
